{
  "metadata": {
    "format": "zigpy/open-coordinator-backup",
    "version": 1,
    "source": "zigbee-herdsman@0.14.89",
    "internal": {
      "date": "2023-02-15T16:10:18.725Z",
      "znpVersion": 1
    }
  },
  "stack_specific": {
    "zstack": {
      "tclk_seed": "cc25b5d11f74e0e18c9e318d90963da8"
    }
  },
  "coordinator_ieee": "00124b002a2eaaf9",
  "pan_id": "1a62",
  "extended_pan_id": "00124b002a2eaaf9",
  "nwk_update_id": 0,
  "security_level": 5,
  "channel": 11,
  "channel_mask": [
    11
  ],
  "network_key": {
    "key": "01030507090b0d0f00020406080a0c0d",
    "sequence_number": 0,
    "frame_counter": 65559
  },
  "devices": [
    {
      "nwk_address": "d826",
      "ieee_address": "1c34f1fffe0d319c",
      "is_child": true
    },
    {
      "nwk_address": "7d62",
      "ieee_address": "1c34f1fffe095fa9",
      "is_child": true,
      "link_key": {
        "key": "39c9345633d481cdb62be91f736f0591",
        "rx_counter": 0,
        "tx_counter": 22
      }
    },
    {
      "nwk_address": "1133",
      "ieee_address": "1c34f1fffe095fc2",
      "is_child": true,
      "link_key": {
        "key": "0e7abc2fe085d4fd4ec138736f6709b4",
        "rx_counter": 0,
        "tx_counter": 0
      }
    }
  ]
}