{
    "0x1c34f1fffe0d319c": {
        "min_temperature": 5,
        "max_temperature": 25,
        "current_heating_setpoint": 17,
        "local_temperature": 21,
        "preset": "eco",
        "away_mode": "OFF",
        "child_lock": "UNLOCK",
        "local_temperature_calibration": -1,
        "window_detection": "OFF",
        "window_detection_params": {
            "temperature": 25,
            "minutes": 0
        },
        "boost_time": 300,
        "system_mode": "auto",
        "force": "normal",
        "comfort_temperature": 21,
        "eco_temperature": 17,
        "position": 0,
        "running_state": "idle",
        "battery_low": false,
        "week": "7",
        "workdays": [
            {
                "hour": 6,
                "minute": 0,
                "temperature": 20
            },
            {
                "hour": 8,
                "minute": 0,
                "temperature": 15
            },
            {
                "hour": 11,
                "minute": 30,
                "temperature": 15
            },
            {
                "hour": 12,
                "minute": 30,
                "temperature": 15
            },
            {
                "hour": 17,
                "minute": 30,
                "temperature": 20
            },
            {
                "hour": 22,
                "minute": 0,
                "temperature": 15
            }
        ],
        "workdays_schedule": "06:00/20°C 08:00/15°C 11:30/15°C 12:30/15°C 17:30/20°C 22:00/15°C",
        "holidays": [
            {
                "hour": 6,
                "minute": 0,
                "temperature": 20
            },
            {
                "hour": 8,
                "minute": 0,
                "temperature": 15
            },
            {
                "hour": 11,
                "minute": 30,
                "temperature": 15
            },
            {
                "hour": 12,
                "minute": 30,
                "temperature": 15
            },
            {
                "hour": 17,
                "minute": 30,
                "temperature": 20
            },
            {
                "hour": 22,
                "minute": 0,
                "temperature": 15
            }
        ],
        "holidays_schedule": "06:00/20°C 08:00/15°C 11:30/15°C 12:30/15°C 17:30/20°C 22:00/15°C",
        "away_preset_temperature": 15,
        "window_open": false,
        "auto_lock": "MANUAL",
        "away_preset_days": 1,
        "linkquality": 90,
        "update": {
            "state": "available",
            "installed_version": 85,
            "latest_version": 87
        },
        "last_seen": "2023-02-15T15:52:48+01:00"
    },
    "0x1c34f1fffe095fa9": {
        "min_temperature": 5,
        "max_temperature": 25,
        "current_heating_setpoint": 17,
        "local_temperature": 23,
        "preset": "eco",
        "away_mode": "OFF",
        "child_lock": "UNLOCK",
        "local_temperature_calibration": -1,
        "window_detection": "OFF",
        "window_detection_params": {
            "temperature": 5,
            "minutes": 10
        },
        "boost_time": 300,
        "system_mode": "auto",
        "force": "normal",
        "comfort_temperature": 21,
        "eco_temperature": 17,
        "position": 0,
        "running_state": "idle",
        "battery_low": false,
        "week": "6+1",
        "workdays": [
            {
                "hour": 7,
                "minute": 0,
                "temperature": 20
            },
            {
                "hour": 8,
                "minute": 0,
                "temperature": 15
            },
            {
                "hour": 11,
                "minute": 30,
                "temperature": 15
            },
            {
                "hour": 12,
                "minute": 30,
                "temperature": 15
            },
            {
                "hour": 17,
                "minute": 30,
                "temperature": 20
            },
            {
                "hour": 23,
                "minute": 0,
                "temperature": 16
            }
        ],
        "workdays_schedule": "07:00/20°C 08:00/15°C 11:30/15°C 12:30/15°C 17:30/20°C 23:00/16°C",
        "holidays": [
            {
                "hour": 6,
                "minute": 1,
                "temperature": 20
            },
            {
                "hour": 12,
                "minute": 2,
                "temperature": 16
            },
            {
                "hour": 13,
                "minute": 8,
                "temperature": 15
            },
            {
                "hour": 13,
                "minute": 9,
                "temperature": 16
            },
            {
                "hour": 17,
                "minute": 31,
                "temperature": 21
            },
            {
                "hour": 22,
                "minute": 2,
                "temperature": 15
            }
        ],
        "holidays_schedule": "06:01/20°C 12:02/16°C 13:08/15°C 13:09/16°C 17:31/21°C 22:02/15°C",
        "away_preset_temperature": 15,
        "window_open": false,
        "auto_lock": "MANUAL",
        "away_preset_days": 1,
        "linkquality": 54,
        "update": {
            "state": "idle",
            "installed_version": 87,
            "latest_version": 87
        },
        "last_seen": "2023-02-15T15:17:31+01:00"
    },
    "0x1c34f1fffe095fc2": {
        "min_temperature": 5,
        "max_temperature": 25,
        "current_heating_setpoint": 19.5,
        "local_temperature": 20,
        "preset": "manual",
        "away_mode": "OFF",
        "child_lock": "UNLOCK",
        "local_temperature_calibration": -2,
        "window_detection": "OFF",
        "window_detection_params": {
            "temperature": 40,
            "minutes": 1
        },
        "boost_time": 300,
        "system_mode": "auto",
        "force": "normal",
        "comfort_temperature": 21,
        "eco_temperature": 17,
        "position": 0,
        "running_state": "idle",
        "battery_low": false,
        "week": "5+2",
        "workdays": [
            {
                "hour": 6,
                "minute": 0,
                "temperature": 20
            },
            {
                "hour": 8,
                "minute": 0,
                "temperature": 15
            },
            {
                "hour": 12,
                "minute": 30,
                "temperature": 15
            },
            {
                "hour": 13,
                "minute": 31,
                "temperature": 15
            },
            {
                "hour": 17,
                "minute": 30,
                "temperature": 20
            },
            {
                "hour": 22,
                "minute": 0,
                "temperature": 15
            }
        ],
        "workdays_schedule": "06:00/20°C 08:00/15°C 12:30/15°C 13:31/15°C 17:30/20°C 22:00/15°C",
        "holidays": [
            {
                "hour": 6,
                "minute": 0,
                "temperature": 20
            },
            {
                "hour": 8,
                "minute": 0,
                "temperature": 15
            },
            {
                "hour": 11,
                "minute": 30,
                "temperature": 15
            },
            {
                "hour": 12,
                "minute": 30,
                "temperature": 15
            },
            {
                "hour": 17,
                "minute": 30,
                "temperature": 20
            },
            {
                "hour": 22,
                "minute": 0,
                "temperature": 15
            }
        ],
        "holidays_schedule": "06:00/20°C 08:00/15°C 11:30/15°C 12:30/15°C 17:30/20°C 22:00/15°C",
        "away_preset_temperature": 15,
        "window_open": false,
        "auto_lock": "MANUAL",
        "away_preset_days": 1,
        "linkquality": 15,
        "update": {
            "state": "idle",
            "installed_version": 87,
            "latest_version": 87
        },
        "last_seen": "2023-02-15T16:12:38+01:00"
    }
}